Name,ic50,dg
FXR_12,0.057999999999999996,-9.932708686817035
FXR_74,0.655,-8.487647701441581
FXR_76,41.825,-6.009889923041575
FXR_84,4.54,-7.333570051717557
FXR_85,0.29713,-8.958844175358415
FXR_88,0.54,-8.602734401313041
