Name,ddg,error
FXR_12,0.0,0.0
FXR_74,0.10940729905159205,0.0
FXR_76,-0.23893314752457534,0.0
FXR_84,-0.1610451789801077,0.0
FXR_85,0.5114372019408442,0.0
FXR_88,0.7598933663876338,0.0
