pair,protein_ddg,protein_err,water_ddg,water_err,total_ddg,total_err
FXR_12→FXR_74,0.9394903618784711,0.010656661180919055,0.8195362769626544,0.010141925231840154,0.11995408491581665,0.010396107969713205
FXR_12→FXR_85,16.504276453180985,0.02412621285653406,15.949939123917996,0.021375121029434424,0.5543373292629885,0.022709044889433642
FXR_12→FXR_76,-5.422597330377334,0.05201377587021504,-5.123953284066511,0.03184284669641819,-0.29864404631082375,0.04069725655541308
FXR_12→FXR_88,-5.991409837884971,0.18838576409239294,-6.7067457988599575,0.10352014997083892,0.715335960974986,0.13964856802422143
FXR_12→FXR_84,-2.530851563439299,0.02343773055266194,-2.4051462361153466,0.01734387333597201,-0.12570532732395207,0.020161870696639484
